{"userReport":{"userIssueDescription":"App opens and immediately crashes"},"highlightedBuildIds":["aff22abc-047e-453a-b67d-a07b025b098f"],"includedPaths":["buck-out/log/2016-10-12_00h42m09s_installcommand_aff22abc-047e-453a-b67d-a07b025b098f/buck.log","buck-out/log/2016-10-12_00h42m09s_installcommand_aff22abc-047e-453a-b67d-a07b025b098f/build.2016-10-11.17-42-09.aff22abc-047e-453a-b67d-a07b025b098f.trace"],"buildEnvironmentDescription":{"user":"lizborchardt","hostname":"lizborchard-mbp","os":"os_x","availableCores":8,"systemMemory":17179869184,"buckDirty":"FALSE","buckCommit":"4bbd06f28aa04966b340129fc14e441736580aea","javaVersion":"25.102-b14","cacheModes":["dir"],"extraData":{},"jsonProtocolVersion":1},"sourceControlInfo":null,"extraInfo":null,"userLocalConfiguration":{"noBuckCheckPresent":false,"localConfigsContents":{}}}